Designator,Footprint,Quantity,Value,LCSC Part #
"C1, C11, C16, C17, C18, C19, C22, C23, C25, C28, C35, C36, C37, C40, C41, C50, C51, C52, C53, C56, C57, C58, C59, C64, C68, C69, C70, C73, C74, C77, C78, C81",0402,32,100n,C14663
"C10, C2, C26, C30, C66, C67, C71, C72, C79, C9",0805,10,10u,C15850
"C12, C14, C15, C65",0603,4,18p,C1647
"C20, C21, C75, C76",0603,4,220p,C1603
"C24, C27, C29, C3, C31, C32, C33",0603,7,4.7u,C19666
"C34, C4, C54",0402,3,1u,C15849
"C38, C39, C44, C45, C46, C47, C48, C49, C5, C6, C60, C61, C62, C63, C7, C8",0603,16,4.7n,C53987
"C42, C43",CP_Elec_6.3x5.9,2,220u,C250009
C55,0603,1,10n,C57112
"D1, D10, D11, D2, D3, D4, D5, D6, D7, D8, D9",D_SMA,11,D_Schottky,C8678
D12,0603,1,RED,C2286
"D14, D15, D16, D17, D18, D19, D20, D21",D_SOD-323,8,1N4148WS,C2128
D23,0603,1,BLUE,C72041
FB1,0805,1,Ferrite_Bead_Small,C1017
"H1, H2, H4",MountingHole_3.2mm_M3,3,MountingHole,
"J1, J10, J11, J14, J15, J16, J17, J2, J22, J23, J3, J4, J6, J7, J8, J9",thonk_with_3d,16,AudioJack2_SwitchT,
"J12, J13",PinSocket_2x08_P2.54mm_Vertical,2,Conn_02x08_Odd_Even,
"J18, J24",USB_Micro-B_Molex-105017-0001_with_3d,2,USB_B_Micro,C136000
"J19, J21, J26, J27",CUI_SJ1-3523N_double,4,SJ1-3523N,
J20,oled091,1,oled0.91,
J25,IDC-Header_2x08_P2.54mm_Horizontal,1,Conn_01x16_Female,
"J29, J30",LUOYANG-DISHANG_PJ-320B,2,PJ-320B,C18594
J5,PinHeader_2x07_P1.27mm_Vertical_SMD,1,SWD header,
JP1,IDC-Header_2x08_P2.54mm_Horizontal,1,Euro power,
"JP2, JP3, JP4",SolderJumper-2_P1.3mm_Open_Pad1.0x1.5mm,3,SolderJumper_2_Open,
L1,L_Murata_LQH55DN_5.7x5.0mm,1,10uH,C139506
MT1,pec11r_encoder,1,PEC11R-4215F-S0024,
Q1,SOT-23,1,MMBT3904,C20526
"R1, R103, R104, R22, R26, R27, R3, R32, R33, R36, R4, R5, R8",0402,13,100k,C25803
"R10, R11, R12, R30, R31, R42, R46, R85, R86",0402,9,22k,C31850
"R100, R29, R38, R39, R97",0603,5,2k2,C4190
"R101, R102",0402,2,12k,C22790
"R106, R13, R23, R28, R37, R43, R44, R45, R47, R48, R49, R56, R6, R66, R67, R83, R84, R87, R88, R89, R90, R98, R99",0402,23,10k,C25744
R107,0603,1,470Ω,C23179
"R108, R109",0603,2,220Ω,C22962
"R110, R111, R112",0603,3,47Ω,C23182
R113,0603,1,15Ω,C22810
"R14, R15, R18, R19, R50, R51, R9",0402,7,33k,C4216
"R16, R17",0603,2,5.6k,C23189
"R2, R94, R95, R96",0603,4,1M5,C4172
"R20, R21, R52, R53, R54, R55, R91, R92",0603,8,1k,C21190
R24,0603,1,8.2k,C25981
"R25, R7",0603,2,200k,C25811
"R34, R35, R40, R41, R57, R68, R69, R70, R71, R72, R73, R74, R75, R76, R77, R78, R79, R80, R81, R82, R93",0402,21,100R,C25076
"R58, R59, R60, R61, R62, R63, R64, R65",0603,8,47R,C23182
"RV1, RV2",pot3d,2,100k,
"TPDEBUG1, T_JTCK1, T_JTMS1, T_NRST1, T_VBUS1",TestPoint_Pad_D1.0mm,5,TestPoint,
"U1, U8, U9",SOIC-8_3.9x4.9mm_P1.27mm,3,MCP6002-xSN,C7377
"U10, U11, U16, U18, U5, U7",SOIC-8_3.9x4.9mm_P1.27mm,6,TL072,C6961
"U12, U14",SOIC-8_5.23x5.23mm_P1.27mm,2,W25Q32JVSS,C97521
U13,SOT-23-5,1,TPS61040DBV,C7722
U15,SOT-23-6,1,USBLC6-2SC6,C7519
U17,LGA-12_2x2mm_P0.5mm,1,LIS2DH12,C110926
"U2, U3",SOT-223-3_TabPin2,2,LM1117-3.3,C6186
U21,SSOP-8_3.9x5.05mm_P1.27mm,1,HCPL-0631-500E,C43949
U4,LQFP-100_14x14mm_P0.5mm,1,STM32L476VGTx,C165886
U6,QFN-32-1EP_5x5mm_P0.5mm_EP3.45x3.45mm,1,WM8758B,C323840
Y1,Crystal_SMD_Abracon_ABM8G-4Pin_3.2x2.5mm,1,Crystal_GND24,C13738
